{
"com.badlogic.gdx.graphics.g2d.BitmapFont": {
	"font-export": {
		"file": "font-export.fnt"
	}
},
"com.badlogic.gdx.graphics.Color": {
	"black": {
		"r": 0,
		"g": 0,
		"b": 0,
		"a": 1
	},
	"color_fifith": {
		"r": 1,
		"g": 1,
		"b": 1,
		"a": 1
	},
	"color_first": {
		"r": 0.9882353,
		"g": 0.90588236,
		"b": 0.49019608,
		"a": 1
	},
	"color_fourth": {
		"r": 0.14117648,
		"g": 0.21176471,
		"b": 0.39607844,
		"a": 1
	},
	"color_second": {
		"r": 0.23921569,
		"g": 0.08235294,
		"b": 0.37254903,
		"a": 1
	},
	"color_third": {
		"r": 0.28235295,
		"g": 0.19215687,
		"b": 0.83137256,
		"a": 1
	},
	"red": {
		"r": 1,
		"g": 0,
		"b": 0,
		"a": 1
	},
	"white": {
		"r": 1,
		"g": 1,
		"b": 1,
		"a": 1
	}
},
"com.badlogic.gdx.scenes.scene2d.ui.Skin$TintedDrawable": {
	"default-round-first": {
		"name": "default-round",
		"color": {
			"r": 0.9764706,
			"g": 0.38039216,
			"b": 0.40392157,
			"a": 1
		}
	},
	"default-round-second": {
		"name": "default-round",
		"color": {
			"r": 0.8745098,
			"g": 0.40392157,
			"b": 0.54901963,
			"a": 1
		}
	},
	"default-round-third": {
		"name": "default-round",
		"color": {
			"r": 0.8,
			"g": 0.9529412,
			"b": 0.5058824,
			"a": 1
		}
	},
	"default-round-fourth": {
		"name": "default-round",
		"color": {
			"r": 0.54509807,
			"g": 0.84705883,
			"b": 0.7411765,
			"a": 1
		}
	},
	"default-round-fifth": {
		"name": "default-round",
		"color": {
			"r": 0.5411765,
			"g": 0.6666667,
			"b": 0.8980392,
			"a": 1
		}
	}
},
"com.badlogic.gdx.scenes.scene2d.ui.ProgressBar$ProgressBarStyle": {
	"default-horizontal": {
		"background": "default-slider",
		"knob": "default-slider-knob"
	},
	"default-vertical": {
		"background": "default-slider",
		"knob": "default-round-large"
	}
},
"com.badlogic.gdx.scenes.scene2d.ui.TextButton$TextButtonStyle": {
	"default": {
		"font": "font-export",
		"fontColor": "color_first",
		"up": "default-round-first",
		"down": "default-round-down",
		"checked": "default-round"
	},
	"tile2": {
		"font": "font-export",
		"fontColor": "color_second",
		"up": "default-round-second",
		"down": "default-round-down",
		"checked": "default-round"
	},
	"tile3": {
		"font": "font-export",
		"fontColor": "color_third",
		"up": "default-round-third",
		"down": "default-round-down",
		"checked": "default-round"
	},
	"tile4": {
		"font": "font-export",
		"fontColor": "color_fourth",
		"up": "default-round-fourth",
		"down": "default-round-down",
		"checked": "default-round"
	},
	"tile5": {
		"font": "font-export",
		"fontColor": "color_fifith",
		"up": "default-round-fifth",
		"down": "default-round-down",
		"checked": "default-round"
	}
}
}