{
"com.badlogic.gdx.graphics.g2d.BitmapFont": {
	"font-export": {
		"file": "font-export.fnt"
	}
},
"com.badlogic.gdx.graphics.Color": {
	"white": {
		"r": 1,
		"g": 1,
		"b": 1,
		"a": 1
	},
	"red": {
		"r": 1,
		"g": 0,
		"b": 0,
		"a": 1
	},
	"black": {
		"r": 0,
		"g": 0,
		"b": 0,
		"a": 1
	}
},
"com.badlogic.gdx.scenes.scene2d.ui.Skin$TintedDrawable": {
	"default-round-first": {
		"name": "default-round",
		"color": {
			"r": 0.9764706,
			"g": 0.827451,
			"b": 0.25882354,
			"a": 1
		}
	},
	"default-round-second": {
		"name": "default-round",
		"color": {
			"r": 0.8,
			"g": 0.9529412,
			"b": 0.5058824,
			"a": 1
		}
	},
	"default-round-third": {
		"name": "default-round",
		"color": {
			"r": 0.5411765,
			"g": 0.6666667,
			"b": 0.8980392,
			"a": 1
		}
	},
	"default-round-fourth": {
		"name": "default-round",
		"color": {
			"r": 0.54509807,
			"g": 0.84705883,
			"b": 0.85882354,
			"a": 1
		}
	},
	"default-round-fifth": {
		"name": "default-round",
		"color": {
			"r": 0.9254902,
			"g": 0.54509807,
			"b": 0.36862746,
			"a": 1
		}
	},
	"default-round-six": {
		"name": "default-round",
		"color": {
			"r": 0.9882353,
			"g": 0.90588236,
			"b": 0.49019608,
			"a": 1
		}
	}
},
"com.badlogic.gdx.scenes.scene2d.ui.ProgressBar$ProgressBarStyle": {
	"default-horizontal": {
		"background": "default-slider",
		"knob": "default-slider-knob"
	},
	"default-vertical": {
		"background": "default-slider",
		"knob": "default-round-large"
	}
},
"com.badlogic.gdx.scenes.scene2d.ui.TextButton$TextButtonStyle": {
	"default": {
		"font": "default-font",
		"fontColor": "white",
		"up": "default-round-first",
		"checked": "default-round-down"
	},
	"tile1": {
		"font": "default-font",
		"fontColor": "white",
		"up": "default-round-second",
		"checked": "default-round-down"
	},
	"tile2": {
		"font": "default-font",
		"fontColor": "white",
		"up": "default-round-third",
		"checked": "default-round-down"
	},
	"tile3": {
		"font": "default-font",
		"fontColor": "white",
		"up": "default-round-fourth",
		"checked": "default-round-down"
	},
	"tile4": {
		"font": "default-font",
		"fontColor": "white",
		"up": "default-round-fifth",
		"checked": "default-round-down"
	}

}
}